{"cameraMode":{"drawMode":0,"name":"Shaded","section":"Shading Mode"},"sceneLighting":true,"audioPlay":false,"sceneViewState":{"m_AlwaysRefresh":false,"showFog":true,"showSkybox":true,"showFlares":true,"showImageEffects":true,"showParticleSystems":true,"showVisualEffectGraphs":true,"m_FxEnabled":true},"in2DMode":false,"pivot":{"x":-0.6027193069458008,"y":-0.1986398696899414,"z":-10.775529861450196},"rotation":{"x":-0.005854352377355099,"y":-0.9920185804367065,"z":0.05095639452338219,"w":-0.1159815788269043},"size":10.121273040771485,"orthographic":false}